--  cpf 	VARCHAR2(14),
-- 	email 	VARCHAR2(50) NOT NULL,
-- 	nome 	VARCHAR2(100) NOT NULL,
-- 	endereco 	VARCHAR2(100) NOT NULL,
-- 	sexo 	VARCHAR2(10) NOT NULL,
-- 	data_nasc 	DATE NOT NULL,
	
-- insere 15 clientes 
insert into cliente (cpf, email, nome, endereco, sexo, data_nasc) values ('69072082794230', 'fpol0@yahoo.com', 'Fidelia Pol', '778 Arizona Alley', 'Feminino', '04/29/1929');
insert into cliente (cpf, email, nome, endereco, sexo, data_nasc) values ('67447355261687', 'bcesco1@springer.com', 'Brocky Cesco', '63 Mariners Cove Parkway', 'Masculino', '11/17/1506');
insert into cliente (cpf, email, nome, endereco, sexo, data_nasc) values ('03598624581771', 'ywoofenden2@mit.edu', 'Yelena Woofenden', '4169 Barby Trail', 'Feminino', '10/31/1769');
insert into cliente (cpf, email, nome, endereco, sexo, data_nasc) values ('31162088506504', 'dpinnijar3@wikimedia.org', 'Dorian Pinnijar', '1 Monument Lane', 'Feminino', '02/04/1268');
insert into cliente (cpf, email, nome, endereco, sexo, data_nasc) values ('03104371563995', 'lkupper4@amazon.com', 'Lenette Kupper', '5 Melrose Circle', 'Feminino', '06/10/0346');
insert into cliente (cpf, email, nome, endereco, sexo, data_nasc) values ('01368372085265', 'ohathorn5@smugmug.com', 'Orelee Hathorn', '5 Swallow Park', 'Feminino', '04/20/0537');
insert into cliente (cpf, email, nome, endereco, sexo, data_nasc) values ('69907348650209', 'htavinor6@diigo.com', 'Hobie Tavinor', '5418 Kinsman Avenue', 'Masculino', '08/09/0622');
insert into cliente (cpf, email, nome, endereco, sexo, data_nasc) values ('83309314237918', 'aomoylan7@nydailynews.com', 'Andreana O''Moylan', '73 Express Hill', 'Feminino', '10/31/1739');
insert into cliente (cpf, email, nome, endereco, sexo, data_nasc) values ('45279816080722', 'gwray8@dot.gov', 'Glenna Wray', '510 Anhalt Alley', 'Feminino', '07/11/1420');
insert into cliente (cpf, email, nome, endereco, sexo, data_nasc) values ('01627890747005', 'mfilipovic9@com.com', 'Maddy Filipovic', '5574 Lien Park', 'Masculino', '05/26/1564');
insert into cliente (cpf, email, nome, endereco, sexo, data_nasc) values ('85245640911809', 'jrymoura@opera.com', 'Jolee Rymour', '99 Hintze Plaza', 'Feminino', '08/08/1790');
insert into cliente (cpf, email, nome, endereco, sexo, data_nasc) values ('90136072990987', 'tmatsonb@drupal.org', 'Tedmund Matson', '9310 Brentwood Hill', 'Masculino', '03/30/0969');
insert into cliente (cpf, email, nome, endereco, sexo, data_nasc) values ('81453994462677', 'fvoffc@stanford.edu', 'Foss Voff', '53 New Castle Junction', 'Masculino', '02/14/1351');
insert into cliente (cpf, email, nome, endereco, sexo, data_nasc) values ('27064986878871', 'tboffeyd@epa.gov', 'Tina Boffey', '65 Alpine Way', 'Feminino', '11/19/0327');
insert into cliente (cpf, email, nome, endereco, sexo, data_nasc) values ('82138017607217', 'lenriche@gravatar.com', 'Lucina Enrich', '22 Daystar Hill', 'Feminino', '06/15/0766');
insert into cliente (cpf, email, nome, endereco, sexo, data_nasc) values ('05532078636189', 'ldanielsf@mail.ru', 'Louise Daniels', '4975 Summerview Drive', 'Feminino', '11/24/1925');
insert into cliente (cpf, email, nome, endereco, sexo, data_nasc) values ('51628012930025', 'rsantg@utexas.edu', 'Rochette Sant', '888 Graceland Center', 'Feminino', '08/31/0740');
insert into cliente (cpf, email, nome, endereco, sexo, data_nasc) values ('07623643697866', 'wdericoth@trellian.com', 'Willyt Dericot', '9953 Homewood Way', 'Feminino', '08/02/1393');
insert into cliente (cpf, email, nome, endereco, sexo, data_nasc) values ('37699662319219', 'djacquesi@addtoany.com', 'Daryle Jacques', '221 Red Cloud Avenue', 'Masculino', '11/26/1806');
insert into cliente (cpf, email, nome, endereco, sexo, data_nasc) values ('13322265790614', 'acarrodusj@woothemes.com', 'Andras Carrodus', '5 Marquette Junction', 'Masculino', '05/27/1497');


-- insere 20 quartos
insert into quarto (numero, tipo, vista, VALOR_DIARIA) values ('050', 'EUR', 'Euro', 216.79);
insert into quarto (numero, tipo, vista, VALOR_DIARIA) values ('401', 'EUR', 'Euro', 484.84);
insert into quarto (numero, tipo, vista, VALOR_DIARIA) values ('314', 'USD', 'Dollar', 200.42);
insert into quarto (numero, tipo, vista, VALOR_DIARIA) values ('828', 'IDR', 'Rupiah', 392.3);
insert into quarto (numero, tipo, vista, VALOR_DIARIA) values ('816', 'CNY', 'Yuan Renminbi', 464.97);
insert into quarto (numero, tipo, vista, VALOR_DIARIA) values ('545', 'IRR', 'Rial', 362.89);
insert into quarto (numero, tipo, vista, VALOR_DIARIA) values ('936', 'BRL', 'Real', 410.59);
insert into quarto (numero, tipo, vista, VALOR_DIARIA) values ('553', 'RUB', 'Ruble', 479.8);
insert into quarto (numero, tipo, vista, VALOR_DIARIA) values ('430', 'IDR', 'Rupiah', 425.21);
insert into quarto (numero, tipo, vista, VALOR_DIARIA) values ('605', 'CNY', 'Yuan Renminbi', 479.19);
insert into quarto (numero, tipo, vista, VALOR_DIARIA) values ('241', 'CNY', 'Yuan Renminbi', 352.1);
insert into quarto (numero, tipo, vista, VALOR_DIARIA) values ('211', 'CNY', 'Yuan Renminbi', 479.2);
insert into quarto (numero, tipo, vista, VALOR_DIARIA) values ('027', 'AMD', 'Dram', 124.54);
insert into quarto (numero, tipo, vista, VALOR_DIARIA) values ('025', 'CNY', 'Yuan Renminbi', 202.33);
insert into quarto (numero, tipo, vista, VALOR_DIARIA) values ('258', 'CZK', 'Koruna', 184.13);
insert into quarto (numero, tipo, vista, VALOR_DIARIA) values ('331', 'CNY', 'Yuan Renminbi', 168.76);
insert into quarto (numero, tipo, vista, VALOR_DIARIA) values ('218', 'NZD', 'Dollar', 444.93);
insert into quarto (numero, tipo, vista, VALOR_DIARIA) values ('178', 'IDR', 'Rupiah', 104.47);
insert into quarto (numero, tipo, vista, VALOR_DIARIA) values ('127', 'BRL', 'Real', 196.88);
insert into quarto (numero, tipo, vista, VALOR_DIARIA) values ('695', 'PHP', 'Peso', 142.62);


-- insere 20 hospedagens 
insert into hospeda (id_hospedagem, dia_check_in, dia_check_out, cpf_cliente, numero_quarto) values (49, '06/24/2019', '06/27/2019', '69072082794230', '050');
insert into hospeda (id_hospedagem, dia_check_in, dia_check_out, cpf_cliente, numero_quarto) values (15, '06/21/2019', '06/28/2019', '51628012930025', '545');
insert into hospeda (id_hospedagem, dia_check_in, dia_check_out, cpf_cliente, numero_quarto) values (8, '06/22/2019', '06/23/2019', '03104371563995', '553');
insert into hospeda (id_hospedagem, dia_check_in, dia_check_out, cpf_cliente, numero_quarto) values (200, '06/23/2019', '06/26/2019', '01627890747005', '025');
insert into hospeda (id_hospedagem, dia_check_in, dia_check_out, cpf_cliente, numero_quarto) values (10, '06/24/2019', '06/27/2019', '01627890747005', '027');
insert into hospeda (id_hospedagem, dia_check_in, dia_check_out, cpf_cliente, numero_quarto) values (32, '07/24/2019', '07/27/2019', '03104371563995', '050');
insert into hospeda (id_hospedagem, dia_check_in, dia_check_out, cpf_cliente, numero_quarto) values (47, '06/24/2019', '06/29/2019', '31162088506504', '401');
insert into hospeda (id_hospedagem, dia_check_in, dia_check_out, cpf_cliente, numero_quarto) values (40, '06/23/2019', '06/29/2019', '01627890747005', '351');
insert into hospeda (id_hospedagem, dia_check_in, dia_check_out, cpf_cliente, numero_quarto) values (1, '06/21/2019', '06/28/2019', '81453994462677', '605');
insert into hospeda (id_hospedagem, dia_check_in, dia_check_out, cpf_cliente, numero_quarto) values (6, '06/23/2019', '06/27/2019', '01368372085265', '211');
insert into hospeda (id_hospedagem, dia_check_in, dia_check_out, cpf_cliente, numero_quarto) values (94, '06/23/2019', '06/26/2019', '01627890747005', '936');
insert into hospeda (id_hospedagem, dia_check_in, dia_check_out, cpf_cliente, numero_quarto) values (52, '06/22/2019', '06/27/2019', '01368372085265', '816');
insert into hospeda (id_hospedagem, dia_check_in, dia_check_out, cpf_cliente, numero_quarto) values (100, '06/27/2019', '06/28/2019', '51628012930025', '025');
insert into hospeda (id_hospedagem, dia_check_in, dia_check_out, cpf_cliente, numero_quarto) values (58, '06/24/2019', '06/26/2019', '45279816080722', '314');
insert into hospeda (id_hospedagem, dia_check_in, dia_check_out, cpf_cliente, numero_quarto) values (78, '06/21/2019', '06/26/2019', '69072082794230', '695');
insert into hospeda (id_hospedagem, dia_check_in, dia_check_out, cpf_cliente, numero_quarto) values (29, '06/24/2019', '06/26/2019', '27064986878871', '553');
insert into hospeda (id_hospedagem, dia_check_in, dia_check_out, cpf_cliente, numero_quarto) values (48, '06/22/2019', '06/29/2019', '27064986878871', '127');
insert into hospeda (id_hospedagem, dia_check_in, dia_check_out, cpf_cliente, numero_quarto) values (55, '06/24/2019', '06/27/2019', '27064986878871', '432');
insert into hospeda (id_hospedagem, dia_check_in, dia_check_out, cpf_cliente, numero_quarto) values (2, '06/22/2019', '06/26/2019', '27064986878871', '241');
insert into hospeda (id_hospedagem, dia_check_in, dia_check_out, cpf_cliente, numero_quarto) values (53, '06/22/2019', '06/26/2019', '27064986878871', '178');

-- insere 8 produtos 
insert into produto(id, tipo, nome, valor, descricao) values (1, 'lavanderia', 'sabao', 10, 'Sabão para a lavanderia');
insert into produto(id, tipo, nome, valor, descricao) values (2, 'bar', 'refrigerante', 8, 'Refrigerante coca-cola');
insert into produto(id, tipo, nome, valor, descricao) values (3, 'restaurante', 'panqueca', 50, 'Panqueca de frango');
insert into produto(id, tipo, nome, valor, descricao) values (4, 'frigobar', 'agua', 7, 'Agua sem gás');
insert into produto(id, tipo, nome, valor, descricao) values (5, 'bar', 'whisky1', 100, 'Whisky tipo 1');
insert into produto(id, tipo, nome, valor, descricao) values (6, 'bar', 'whisky2', 180, 'Whisky tipo 2');
insert into produto(id, tipo, nome, valor, descricao) values (7, 'restaurante', 'bacalhau', 80, '2 porções de bacalhau');
insert into produto(id, tipo, nome, valor, descricao) values (8, 'restaurante', 'lagosta', 200, '1 porçao de lagosta');

-- insere 19 equipamentos
insert into equipamento(equipamento, numero_quarto) values ('ar 1', '050');
insert into equipamento(equipamento, numero_quarto) values ('ar 2', '050');
insert into equipamento(equipamento, numero_quarto) values ('ar 3', '050');
insert into equipamento(equipamento, numero_quarto) values ('ar 4', '050');
insert into equipamento(equipamento, numero_quarto) values ('frigobar 1', '401');
insert into equipamento(equipamento, numero_quarto) values ('frigobar 2', '401');
insert into equipamento(equipamento, numero_quarto) values ('televisão 1','314');
insert into equipamento(equipamento, numero_quarto) values ('televisão 2','314');
insert into equipamento(equipamento, numero_quarto) values ('televisão 3','314');
insert into equipamento(equipamento, numero_quarto) values ('televisão 4','314');
insert into equipamento(equipamento, numero_quarto) values ('TV a cabo 1','828');
insert into equipamento(equipamento, numero_quarto) values ('TV a cabo 2','828');
insert into equipamento(equipamento, numero_quarto) values ('TV a cabo 3','828');
insert into equipamento(equipamento, numero_quarto) values ('TV a cabo 4','828');
insert into equipamento(equipamento, numero_quarto) values ('TV a cabo 5','828');
insert into equipamento(equipamento, numero_quarto) values ('TV a cabo 6','828');
insert into equipamento(equipamento, numero_quarto) values ('ar 1', '816');
insert into equipamento(equipamento, numero_quarto) values ('ar 2', '816');
insert into equipamento(equipamento, numero_quarto) values ('ar 3', '816');